{
    "type": "crafting_shaped",
    "pattern": [
      "#",
      "#",
      "X"
    ],
    "key": {
      "#": {
        "item": "minecraft:emerald"
      },
      "X": {
        "item": "minecraft:stick"
      }
    },
    "result": {
      "count": 1,
      "id": "minecraft:diamond_sword",
      "components": {
        "custom_model_data": 1,
        "custom_name":"{\"text\":\"Emerald Sword\",\"italic\":false}",
        "attribute_modifiers":[{"type":"generic.attack_damage","name":"generic.attack_damage","amount":6.5,"operation":"add_value","uuid":[-457009816,-2058138050,-1646429817,-479647167],"slot":"mainhand"},{"type":"generic.attack_speed","name":"generic.attack_speed","amount":1.6,"operation":"add_value","uuid":[1064262513,281168171,-1089426610,11421115],"slot":"mainhand"}],
        "custom_data": {
            "emerald_sword": 1
        }
      }
    }
  }