{
    "type": "crafting_shaped",
    "pattern": [
      " # ",
      " X ",
      " X "
    ],
    "key": {
      "#": {
        "item": "minecraft:emerald"
      },
      "X": {
        "item": "minecraft:stick"
      }
    },
    "result": {
      "count": 1,
      "id": "minecraft:diamond_shovel",
      "components": {
        "custom_model_data": 4,
        "custom_name":"{\"text\":\"Emerald Shovel\",\"italic\":false}",
        "custom_data": {
            "emerald_shovel": 1
        }
      }
    }
  }